{
  "0": {
    "1": 0.147622121,
    "2": 0.173958726,
    "3": 0.187349304,
    "4": 0.19559359,
    "5": 0.202105583,
    "6": 0.221433443,
    "7": 0.223729064,
    "8": 0.22594574,
    "9": 0.227723328,
    "10": 0.233758925,
    "11": 0.235319672,
    "12": 0.238601978,
    "13": 0.240192398,
    "14": 0.242552197,
    "15": 0.244164149,
    "16": 0.246014637,
    "17": 0.247318889,
    "18": 0.248290724,
    "19": 0.248778788,
    "20": 0.249912114,
    "21": 0.250863551,
    "22": 0.251178047,
    "23": 0.251678752,
    "24": 0.253649021,
    "25": 0.254001728,
    "26": 0.254811322,
    "27": 0.255151895,
    "28": 0.261733566,
    "29": 0.261922608,
    "30": 0.26342339
  },
  "0.1": {
    "1": 0.106393064,
    "2": 0.133228836,
    "3": 0.146973353,
    "4": 0.155461202,
    "5": 0.162177513,
    "6": 0.182162458,
    "7": 0.184541224,
    "8": 0.186839018,
    "9": 0.188682344,
    "10": 0.194943184,
    "11": 0.196563509,
    "12": 0.199971517,
    "13": 0.20162369,
    "14": 0.204075424,
    "15": 0.20575078,
    "16": 0.207674364,
    "17": 0.209030568,
    "18": 0.2100414,
    "19": 0.210549395,
    "20": 0.211728302,
    "21": 0.212718218,
    "22": 0.213045861,
    "23": 0.213567162,
    "24": 0.215616969,
    "25": 0.215984455,
    "26": 0.216827244,
    "27": 0.21718215,
    "28": 0.224032245,
    "29": 0.224229641,
    "30": 0.225792747
  },
  "0.2": {
    "1": 0.06958369,
    "2": 0.094875319,
    "3": 0.10816164,
    "4": 0.116452865,
    "5": 0.123054069,
    "6": 0.14287488,
    "7": 0.145250321,
    "8": 0.14754777,
    "9": 0.149392898,
    "10": 0.155671064,
    "11": 0.157299319,
    "12": 0.160727285,
    "13": 0.162391267,
    "14": 0.164862417,
    "15": 0.166552666,
    "16": 0.168494686,
    "17": 0.169864944,
    "18": 0.170886865,
    "19": 0.171400855,
    "20": 0.172593337,
    "21": 0.173595151,
    "22": 0.17392718,
    "23": 0.174455217,
    "24": 0.176530899,
    "25": 0.176903635,
    "26": 0.177757945,
    "27": 0.178118094,
    "28": 0.185068135,
    "29": 0.185269174,
    "30": 0.18685785
  },
  "0.3": {
    "1": 0.039663748,
    "2": 0.061016411,
    "3": 0.072813101,
    "4": 0.08033007,
    "5": 0.086388807,
    "6": 0.104914766,
    "7": 0.107165042,
    "8": 0.109346867,
    "9": 0.111102978,
    "10": 0.117101131,
    "11": 0.118662931,
    "12": 0.121957961,
    "13": 0.123561221,
    "14": 0.125946141,
    "15": 0.127580368,
    "16": 0.129460705,
    "17": 0.130789317,
    "18": 0.131781219,
    "19": 0.132280641,
    "20": 0.13343945,
    "21": 0.134413852,
    "22": 0.134737272,
    "23": 0.135251504,
    "24": 0.137273452,
    "25": 0.137637247,
    "26": 0.138470818,
    "27": 0.13882265,
    "28": 0.145620553,
    "29": 0.145818122,
    "30": 0.147376995
  },
  "0.4": {
    "1": 0.018484981,
    "2": 0.033844341,
    "3": 0.043091486,
    "4": 0.049199454,
    "5": 0.054227931,
    "6": 0.07009675,
    "7": 0.072068958,
    "8": 0.073989415,
    "9": 0.075540951,
    "10": 0.080876333,
    "11": 0.082274815,
    "12": 0.0852365,
    "13": 0.086683309,
    "14": 0.088841847,
    "15": 0.090325475,
    "16": 0.092036804,
    "17": 0.093248849,
    "18": 0.094155278,
    "19": 0.09461232,
    "20": 0.095673479,
    "21": 0.096567105,
    "22": 0.096864227,
    "23": 0.097336678,
    "24": 0.099196262,
    "25": 0.099531674,
    "26": 0.10030029,
    "27": 0.100625172,
    "28": 0.106922489,
    "29": 0.107106648,
    "30": 0.108558434
  },
  "0.5": {
    "1": 0.006326471,
    "2": 0.014987688,
    "3": 0.020975048,
    "4": 0.025168793,
    "5": 0.028743295,
    "6": 0.040627378,
    "7": 0.042160278,
    "8": 0.043663522,
    "9": 0.044885432,
    "10": 0.049134839,
    "11": 0.050260691,
    "12": 0.052660163,
    "13": 0.053839886,
    "14": 0.055608592,
    "15": 0.056830312,
    "16": 0.058245368,
    "17": 0.059251391,
    "18": 0.060005806,
    "19": 0.060386978,
    "20": 0.061273237,
    "21": 0.06202137,
    "22": 0.062270662,
    "23": 0.062667246,
    "24": 0.06423158,
    "25": 0.064514688,
    "26": 0.065163871,
    "27": 0.065438777,
    "28": 0.070800058,
    "29": 0.070958201,
    "30": 0.07220483
  },
  "0.6": {
    "1": 0.001307142,
    "2": 0.004602909,
    "3": 0.007437925,
    "4": 0.009621868,
    "5": 0.011591784,
    "6": 0.018729896,
    "7": 0.019707363,
    "8": 0.020677045,
    "9": 0.021473139,
    "10": 0.024293563,
    "11": 0.025053918,
    "12": 0.026691487,
    "13": 0.027505045,
    "14": 0.028734665,
    "15": 0.029590879,
    "16": 0.030589332,
    "17": 0.031303554,
    "18": 0.03184151,
    "19": 0.032114152,
    "20": 0.032749741,
    "21": 0.03328836,
    "22": 0.033468379,
    "23": 0.033755072,
    "24": 0.034890395,
    "25": 0.035096863,
    "26": 0.035571023,
    "27": 0.035772328,
    "28": 0.039740768,
    "29": 0.039859322,
    "30": 0.040794953
  },
  "0.7": {
    "1": 0.000108849,
    "2": 0.000733415,
    "3": 0.001496667,
    "4": 0.002186135,
    "5": 0.002870517,
    "6": 0.005747062,
    "7": 0.006181926,
    "8": 0.006621862,
    "9": 0.006989191,
    "10": 0.008332574,
    "11": 0.008705489,
    "12": 0.009523141,
    "13": 0.009936563,
    "14": 0.010570082,
    "15": 0.01101726,
    "16": 0.011544777,
    "17": 0.011926063,
    "18": 0.012215385,
    "19": 0.012362746,
    "20": 0.012707921,
    "21": 0.013002358,
    "22": 0.013101214,
    "23": 0.013258992,
    "24": 0.013888232,
    "25": 0.014003544,
    "26": 0.01426915,
    "27": 0.014382355,
    "28": 0.016657117,
    "29": 0.016726457,
    "30": 0.01727542
  },
  "0.8": {
    "1": 1.32409E-06,
    "2": 2.92653E-05,
    "3": 9.13072E-05,
    "4": 0.000166215,
    "5": 0.00025502,
    "6": 0.00075117,
    "7": 0.000840651,
    "8": 0.000934554,
    "9": 0.001015468,
    "10": 0.001329675,
    "11": 0.001421747,
    "12": 0.001630537,
    "13": 0.001739615,
    "14": 0.001911142,
    "15": 0.002035326,
    "16": 0.002185021,
    "17": 0.002295332,
    "18": 0.002380198,
    "19": 0.002423812,
    "20": 0.002526926,
    "21": 0.002615964,
    "22": 0.002646095,
    "23": 0.002694398,
    "24": 0.002889685,
    "25": 0.002925964,
    "26": 0.003010032,
    "27": 0.003046108,
    "28": 0.003798247,
    "29": 0.003822013,
    "30": 0.004011529
  },
  "0.9": {
    "1": 5.47858E-11,
    "2": 1.97286E-08,
    "3": 1.66163E-07,
    "4": 5.05587E-07,
    "5": 1.11482E-06,
    "6": 8.0485E-06,
    "7": 9.87229E-06,
    "8": 1.19602E-05,
    "9": 1.38988E-05,
    "10": 2.26024E-05,
    "11": 2.54952E-05,
    "12": 3.26065E-05,
    "13": 3.66193E-05,
    "14": 4.33311E-05,
    "15": 4.84911E-05,
    "16": 5.50393E-05,
    "17": 6.00909E-05,
    "18": 6.4106E-05,
    "19": 6.62132E-05,
    "20": 7.13084E-05,
    "21": 7.58372E-05,
    "22": 7.73977E-05,
    "23": 7.99264E-05,
    "24": 9.04957E-05,
    "25": 9.25217E-05,
    "26": 9.72871E-05,
    "27": 9.93642E-05,
    "28": 0.00014676,
    "29": 0.000148385,
    "30": 0.000161594
  }
}
